"STD_NAME","FILTER","POLICY_NAME"
"WEBLOGIC域ITM监控标准","MO_TYPE='WEBLOGIC_DOMAIN'","CEB_Wls_AppStatus_ALL_ALL_M"
"WEBLOGIC域ITM监控标准","MO_TYPE='WEBLOGIC_DOMAIN'","CEB_Wls_HogThr_OTH_ALL_M"
"WEBLOGIC域ITM监控标准","MO_TYPE='WEBLOGIC_DOMAIN'","CEB_Wls_JDBCPct_ALL_ALL_M"
"WEBLOGIC域ITM监控标准","MO_TYPE='WEBLOGIC_DOMAIN'","CEB_Wls_JDBCStat_ALL_ALL_C"
"WEBLOGIC域ITM监控标准","MO_TYPE='WEBLOGIC_DOMAIN'","CEB_Wls_JDBCWait_ALL_ALL_C"
"WEBLOGIC域ITM监控标准","MO_TYPE='WEBLOGIC_DOMAIN'","CEB_Wls_JMXStatus_ALL_ALL_M"
"WEBLOGIC域ITM监控标准","MO_TYPE='WEBLOGIC_DOMAIN'","CEB_Wls_JVMPct_OTH_ALL_W"
"WEBLOGIC域ITM监控标准","MO_TYPE='WEBLOGIC_DOMAIN'","CEB_Wls_Obj_Status_ALL_M"
"WEBLOGIC域ITM监控标准","MO_TYPE='WEBLOGIC_DOMAIN'","CEB_Wls_RQPending_ALL_ALL_C"
"WEBLOGIC域ITM监控标准","MO_TYPE='WEBLOGIC_DOMAIN'","CEB_Wls_SerStatus_OTH_ALL_C"
"WEBLOGIC域ITM监控标准","MO_TYPE='WEBLOGIC_DOMAIN'","CEB_Wls_SrvHealth_ALL_ALL_M"
"WEBLOGIC域ITM监控标准","MO_TYPE='WEBLOGIC_DOMAIN'","CEB_Wls_ThrPct_ALL_ALL_M"
"WEBLOGIC域ITM监控标准","MO_TYPE='WEBLOGIC_DOMAIN'","CEB_Wls_ThrPct_ALL_ALL_W"
"WEBLOGIC域ITM监控标准","MO_TYPE='WEBLOGIC_DOMAIN'","CEB_Wls_ThrUsed_OTH_ALL_C"
"WEBLOGIC域ITM监控标准","MO_TYPE='WEBLOGIC_DOMAIN'","CEB_Wls_ThrUsed_OTH_ALL_W"
"WEBLOGIC域ITM监控标准","MO_TYPE='WEBLOGIC_DOMAIN'","CEB_Wls_WTCState_ALL_ALL_M"
"LINUX OS ITM监控标准(平稳型)","SELECT KEYWORD,IP_ADDRESS,APP_NAME FROM ump.UMP_MO_OS where OS_TYPE in('AIX','SUSE','REDHAT','CENTOS') and APP_NAME in (SELECT affectsystem FROM ump.APP_INFO where VOLUME_TYPE !='UNSTEADY');MO_TYPE=LINUX_OS","CEB_LZ_Check_HardPct_C"
"LINUX OS ITM监控标准(平稳型)","SELECT KEYWORD,IP_ADDRESS,APP_NAME FROM ump.UMP_MO_OS where OS_TYPE in('AIX','SUSE','REDHAT','CENTOS') and APP_NAME in (SELECT affectsystem FROM ump.APP_INFO where VOLUME_TYPE !='UNSTEADY');MO_TYPE=LINUX_OS","CEB_LZ_Check_HardPct_M"
"LINUX OS ITM监控标准(平稳型)","SELECT KEYWORD,IP_ADDRESS,APP_NAME FROM ump.UMP_MO_OS where OS_TYPE in('AIX','SUSE','REDHAT','CENTOS') and APP_NAME in (SELECT affectsystem FROM ump.APP_INFO where VOLUME_TYPE !='UNSTEADY');MO_TYPE=LINUX_OS","CEB_LZ_Check_HardPct_W"
"LINUX OS ITM监控标准(平稳型)","SELECT KEYWORD,IP_ADDRESS,APP_NAME FROM ump.UMP_MO_OS where OS_TYPE in('AIX','SUSE','REDHAT','CENTOS') and APP_NAME in (SELECT affectsystem FROM ump.APP_INFO where VOLUME_TYPE !='UNSTEADY');MO_TYPE=LINUX_OS","CEB_LZ_Check_SysPct_C"
"LINUX OS ITM监控标准(平稳型)","SELECT KEYWORD,IP_ADDRESS,APP_NAME FROM ump.UMP_MO_OS where OS_TYPE in('AIX','SUSE','REDHAT','CENTOS') and APP_NAME in (SELECT affectsystem FROM ump.APP_INFO where VOLUME_TYPE !='UNSTEADY');MO_TYPE=LINUX_OS","CEB_LZ_Check_SysPct_M"
"LINUX OS ITM监控标准(平稳型)","SELECT KEYWORD,IP_ADDRESS,APP_NAME FROM ump.UMP_MO_OS where OS_TYPE in('AIX','SUSE','REDHAT','CENTOS') and APP_NAME in (SELECT affectsystem FROM ump.APP_INFO where VOLUME_TYPE !='UNSTEADY');MO_TYPE=LINUX_OS","CEB_LZ_Check_SysPct_W"
"LINUX OS ITM监控标准(平稳型)","SELECT KEYWORD,IP_ADDRESS,APP_NAME FROM ump.UMP_MO_OS where OS_TYPE in('AIX','SUSE','REDHAT','CENTOS') and APP_NAME in (SELECT affectsystem FROM ump.APP_INFO where VOLUME_TYPE !='UNSTEADY');MO_TYPE=LINUX_OS","CEB_LZ_CPU_Busy_STEADY_C"
"LINUX OS ITM监控标准(平稳型)","SELECT KEYWORD,IP_ADDRESS,APP_NAME FROM ump.UMP_MO_OS where OS_TYPE in('AIX','SUSE','REDHAT','CENTOS') and APP_NAME in (SELECT affectsystem FROM ump.APP_INFO where VOLUME_TYPE !='UNSTEADY');MO_TYPE=LINUX_OS","CEB_LZ_CPU_Busy_STEADY_M"
"LINUX OS ITM监控标准(平稳型)","SELECT KEYWORD,IP_ADDRESS,APP_NAME FROM ump.UMP_MO_OS where OS_TYPE in('AIX','SUSE','REDHAT','CENTOS') and APP_NAME in (SELECT affectsystem FROM ump.APP_INFO where VOLUME_TYPE !='UNSTEADY');MO_TYPE=LINUX_OS","CEB_LZ_CPU_Busy_STEADY_W"
"LINUX OS ITM监控标准(平稳型)","SELECT KEYWORD,IP_ADDRESS,APP_NAME FROM ump.UMP_MO_OS where OS_TYPE in('AIX','SUSE','REDHAT','CENTOS') and APP_NAME in (SELECT affectsystem FROM ump.APP_INFO where VOLUME_TYPE !='UNSTEADY');MO_TYPE=LINUX_OS","CEB_LZ_CPU_WaitIO_W"
"LINUX OS ITM监控标准(平稳型)","SELECT KEYWORD,IP_ADDRESS,APP_NAME FROM ump.UMP_MO_OS where OS_TYPE in('AIX','SUSE','REDHAT','CENTOS') and APP_NAME in (SELECT affectsystem FROM ump.APP_INFO where VOLUME_TYPE !='UNSTEADY');MO_TYPE=LINUX_OS","CEB_LZ_Disk_IORESPR_UsedPct_M"
"LINUX OS ITM监控标准(平稳型)","SELECT KEYWORD,IP_ADDRESS,APP_NAME FROM ump.UMP_MO_OS where OS_TYPE in('AIX','SUSE','REDHAT','CENTOS') and APP_NAME in (SELECT affectsystem FROM ump.APP_INFO where VOLUME_TYPE !='UNSTEADY');MO_TYPE=LINUX_OS","CEB_LZ_Disk_IORESPR_UsedPct_W"
"LINUX OS ITM监控标准(平稳型)","SELECT KEYWORD,IP_ADDRESS,APP_NAME FROM ump.UMP_MO_OS where OS_TYPE in('AIX','SUSE','REDHAT','CENTOS') and APP_NAME in (SELECT affectsystem FROM ump.APP_INFO where VOLUME_TYPE !='UNSTEADY');MO_TYPE=LINUX_OS","CEB_LZ_Disk_IORESPW_UsedPct_M"
"LINUX OS ITM监控标准(平稳型)","SELECT KEYWORD,IP_ADDRESS,APP_NAME FROM ump.UMP_MO_OS where OS_TYPE in('AIX','SUSE','REDHAT','CENTOS') and APP_NAME in (SELECT affectsystem FROM ump.APP_INFO where VOLUME_TYPE !='UNSTEADY');MO_TYPE=LINUX_OS","CEB_LZ_Disk_IORESPW_UsedPct_W"
"LINUX OS ITM监控标准(平稳型)","SELECT KEYWORD,IP_ADDRESS,APP_NAME FROM ump.UMP_MO_OS where OS_TYPE in('AIX','SUSE','REDHAT','CENTOS') and APP_NAME in (SELECT affectsystem FROM ump.APP_INFO where VOLUME_TYPE !='UNSTEADY');MO_TYPE=LINUX_OS","CEB_LZ_FileSystems_Read_M"
"LINUX OS ITM监控标准(平稳型)","SELECT KEYWORD,IP_ADDRESS,APP_NAME FROM ump.UMP_MO_OS where OS_TYPE in('AIX','SUSE','REDHAT','CENTOS') and APP_NAME in (SELECT affectsystem FROM ump.APP_INFO where VOLUME_TYPE !='UNSTEADY');MO_TYPE=LINUX_OS","CEB_LZ_FileSystems_Write_M"
"LINUX OS ITM监控标准(平稳型)","SELECT KEYWORD,IP_ADDRESS,APP_NAME FROM ump.UMP_MO_OS where OS_TYPE in('AIX','SUSE','REDHAT','CENTOS') and APP_NAME in (SELECT affectsystem FROM ump.APP_INFO where VOLUME_TYPE !='UNSTEADY');MO_TYPE=LINUX_OS","CEB_LZ_FS_UsedPct_STEADY_C"
"LINUX OS ITM监控标准(平稳型)","SELECT KEYWORD,IP_ADDRESS,APP_NAME FROM ump.UMP_MO_OS where OS_TYPE in('AIX','SUSE','REDHAT','CENTOS') and APP_NAME in (SELECT affectsystem FROM ump.APP_INFO where VOLUME_TYPE !='UNSTEADY');MO_TYPE=LINUX_OS","CEB_LZ_FS_UsedPct_STEADY_M"
"LINUX OS ITM监控标准(平稳型)","SELECT KEYWORD,IP_ADDRESS,APP_NAME FROM ump.UMP_MO_OS where OS_TYPE in('AIX','SUSE','REDHAT','CENTOS') and APP_NAME in (SELECT affectsystem FROM ump.APP_INFO where VOLUME_TYPE !='UNSTEADY');MO_TYPE=LINUX_OS","CEB_LZ_Inodes_UsedPct_M"
"LINUX OS ITM监控标准(平稳型)","SELECT KEYWORD,IP_ADDRESS,APP_NAME FROM ump.UMP_MO_OS where OS_TYPE in('AIX','SUSE','REDHAT','CENTOS') and APP_NAME in (SELECT affectsystem FROM ump.APP_INFO where VOLUME_TYPE !='UNSTEADY');MO_TYPE=LINUX_OS","CEB_LZ_Inodes_UsedPct_W"
"LINUX OS ITM监控标准(平稳型)","SELECT KEYWORD,IP_ADDRESS,APP_NAME FROM ump.UMP_MO_OS where OS_TYPE in('AIX','SUSE','REDHAT','CENTOS') and APP_NAME in (SELECT affectsystem FROM ump.APP_INFO where VOLUME_TYPE !='UNSTEADY');MO_TYPE=LINUX_OS","CEB_LZ_Login_Failure_W"
"LINUX OS ITM监控标准(平稳型)","SELECT KEYWORD,IP_ADDRESS,APP_NAME FROM ump.UMP_MO_OS where OS_TYPE in('AIX','SUSE','REDHAT','CENTOS') and APP_NAME in (SELECT affectsystem FROM ump.APP_INFO where VOLUME_TYPE !='UNSTEADY');MO_TYPE=LINUX_OS","CEB_LZ_Mem_UsedPct_STEADY_C"
"LINUX OS ITM监控标准(平稳型)","SELECT KEYWORD,IP_ADDRESS,APP_NAME FROM ump.UMP_MO_OS where OS_TYPE in('AIX','SUSE','REDHAT','CENTOS') and APP_NAME in (SELECT affectsystem FROM ump.APP_INFO where VOLUME_TYPE !='UNSTEADY');MO_TYPE=LINUX_OS","CEB_LZ_Mem_UsedPct_STEADY_M"
"LINUX OS ITM监控标准(平稳型)","SELECT KEYWORD,IP_ADDRESS,APP_NAME FROM ump.UMP_MO_OS where OS_TYPE in('AIX','SUSE','REDHAT','CENTOS') and APP_NAME in (SELECT affectsystem FROM ump.APP_INFO where VOLUME_TYPE !='UNSTEADY');MO_TYPE=LINUX_OS","CEB_LZ_Mem_UsedPct_STEADY_W"
"LINUX OS ITM监控标准(平稳型)","SELECT KEYWORD,IP_ADDRESS,APP_NAME FROM ump.UMP_MO_OS where OS_TYPE in('AIX','SUSE','REDHAT','CENTOS') and APP_NAME in (SELECT affectsystem FROM ump.APP_INFO where VOLUME_TYPE !='UNSTEADY');MO_TYPE=LINUX_OS","CEB_LZ_NET_TCP_COUNT_M"
"LINUX OS ITM监控标准(平稳型)","SELECT KEYWORD,IP_ADDRESS,APP_NAME FROM ump.UMP_MO_OS where OS_TYPE in('AIX','SUSE','REDHAT','CENTOS') and APP_NAME in (SELECT affectsystem FROM ump.APP_INFO where VOLUME_TYPE !='UNSTEADY');MO_TYPE=LINUX_OS","CEB_LZ_NET_TCP_STATUS_M"
"LINUX OS ITM监控标准(平稳型)","SELECT KEYWORD,IP_ADDRESS,APP_NAME FROM ump.UMP_MO_OS where OS_TYPE in('AIX','SUSE','REDHAT','CENTOS') and APP_NAME in (SELECT affectsystem FROM ump.APP_INFO where VOLUME_TYPE !='UNSTEADY');MO_TYPE=LINUX_OS","CEB_LZ_NET_TCP_STATUS_W"
"LINUX OS ITM监控标准(平稳型)","SELECT KEYWORD,IP_ADDRESS,APP_NAME FROM ump.UMP_MO_OS where OS_TYPE in('AIX','SUSE','REDHAT','CENTOS') and APP_NAME in (SELECT affectsystem FROM ump.APP_INFO where VOLUME_TYPE !='UNSTEADY');MO_TYPE=LINUX_OS","CEB_LZ_POWER_PATH_M"
"LINUX OS ITM监控标准(平稳型)","SELECT KEYWORD,IP_ADDRESS,APP_NAME FROM ump.UMP_MO_OS where OS_TYPE in('AIX','SUSE','REDHAT','CENTOS') and APP_NAME in (SELECT affectsystem FROM ump.APP_INFO where VOLUME_TYPE !='UNSTEADY');MO_TYPE=LINUX_OS","CEB_LZ_Swap_UsedPct_C"
"LINUX OS ITM监控标准(平稳型)","SELECT KEYWORD,IP_ADDRESS,APP_NAME FROM ump.UMP_MO_OS where OS_TYPE in('AIX','SUSE','REDHAT','CENTOS') and APP_NAME in (SELECT affectsystem FROM ump.APP_INFO where VOLUME_TYPE !='UNSTEADY');MO_TYPE=LINUX_OS","CEB_LZ_Swap_UsedPct_M"
"LINUX OS ITM监控标准(平稳型)","SELECT KEYWORD,IP_ADDRESS,APP_NAME FROM ump.UMP_MO_OS where OS_TYPE in('AIX','SUSE','REDHAT','CENTOS') and APP_NAME in (SELECT affectsystem FROM ump.APP_INFO where VOLUME_TYPE !='UNSTEADY');MO_TYPE=LINUX_OS","CEB_LZ_Swap_UsedPct_W"
"LINUX OS ITM监控标准(震荡型)","SELECT KEYWORD,IP_ADDRESS,APP_NAME FROM ump.UMP_MO_OS where OS_TYPE in('AIX','SUSE','REDHAT','CENTOS') and APP_NAME in (SELECT affectsystem FROM ump.APP_INFO where VOLUME_TYPE ='UNSTEADY');MO_TYPE=LINUX_OS","CEB_LZ_Check_HardPct_C"
"LINUX OS ITM监控标准(震荡型)","SELECT KEYWORD,IP_ADDRESS,APP_NAME FROM ump.UMP_MO_OS where OS_TYPE in('AIX','SUSE','REDHAT','CENTOS') and APP_NAME in (SELECT affectsystem FROM ump.APP_INFO where VOLUME_TYPE ='UNSTEADY');MO_TYPE=LINUX_OS","CEB_LZ_Check_HardPct_M"
"LINUX OS ITM监控标准(震荡型)","SELECT KEYWORD,IP_ADDRESS,APP_NAME FROM ump.UMP_MO_OS where OS_TYPE in('AIX','SUSE','REDHAT','CENTOS') and APP_NAME in (SELECT affectsystem FROM ump.APP_INFO where VOLUME_TYPE ='UNSTEADY');MO_TYPE=LINUX_OS","CEB_LZ_Check_HardPct_W"
"LINUX OS ITM监控标准(震荡型)","SELECT KEYWORD,IP_ADDRESS,APP_NAME FROM ump.UMP_MO_OS where OS_TYPE in('AIX','SUSE','REDHAT','CENTOS') and APP_NAME in (SELECT affectsystem FROM ump.APP_INFO where VOLUME_TYPE ='UNSTEADY');MO_TYPE=LINUX_OS","CEB_LZ_Check_SysPct_C"
"LINUX OS ITM监控标准(震荡型)","SELECT KEYWORD,IP_ADDRESS,APP_NAME FROM ump.UMP_MO_OS where OS_TYPE in('AIX','SUSE','REDHAT','CENTOS') and APP_NAME in (SELECT affectsystem FROM ump.APP_INFO where VOLUME_TYPE ='UNSTEADY');MO_TYPE=LINUX_OS","CEB_LZ_Check_SysPct_M"
"LINUX OS ITM监控标准(震荡型)","SELECT KEYWORD,IP_ADDRESS,APP_NAME FROM ump.UMP_MO_OS where OS_TYPE in('AIX','SUSE','REDHAT','CENTOS') and APP_NAME in (SELECT affectsystem FROM ump.APP_INFO where VOLUME_TYPE ='UNSTEADY');MO_TYPE=LINUX_OS","CEB_LZ_Check_SysPct_W"
"LINUX OS ITM监控标准(震荡型)","SELECT KEYWORD,IP_ADDRESS,APP_NAME FROM ump.UMP_MO_OS where OS_TYPE in('AIX','SUSE','REDHAT','CENTOS') and APP_NAME in (SELECT affectsystem FROM ump.APP_INFO where VOLUME_TYPE ='UNSTEADY');MO_TYPE=LINUX_OS","CEB_LZ_CPU_Busy_SHAKE_W"
"LINUX OS ITM监控标准(震荡型)","SELECT KEYWORD,IP_ADDRESS,APP_NAME FROM ump.UMP_MO_OS where OS_TYPE in('AIX','SUSE','REDHAT','CENTOS') and APP_NAME in (SELECT affectsystem FROM ump.APP_INFO where VOLUME_TYPE ='UNSTEADY');MO_TYPE=LINUX_OS","CEB_LZ_CPU_WaitIO_W"
"LINUX OS ITM监控标准(震荡型)","SELECT KEYWORD,IP_ADDRESS,APP_NAME FROM ump.UMP_MO_OS where OS_TYPE in('AIX','SUSE','REDHAT','CENTOS') and APP_NAME in (SELECT affectsystem FROM ump.APP_INFO where VOLUME_TYPE ='UNSTEADY');MO_TYPE=LINUX_OS","CEB_LZ_Disk_IORESPR_UsedPct_M"
"LINUX OS ITM监控标准(震荡型)","SELECT KEYWORD,IP_ADDRESS,APP_NAME FROM ump.UMP_MO_OS where OS_TYPE in('AIX','SUSE','REDHAT','CENTOS') and APP_NAME in (SELECT affectsystem FROM ump.APP_INFO where VOLUME_TYPE ='UNSTEADY');MO_TYPE=LINUX_OS","CEB_LZ_Disk_IORESPR_UsedPct_W"
"LINUX OS ITM监控标准(震荡型)","SELECT KEYWORD,IP_ADDRESS,APP_NAME FROM ump.UMP_MO_OS where OS_TYPE in('AIX','SUSE','REDHAT','CENTOS') and APP_NAME in (SELECT affectsystem FROM ump.APP_INFO where VOLUME_TYPE ='UNSTEADY');MO_TYPE=LINUX_OS","CEB_LZ_Disk_IORESPW_UsedPct_M"
"LINUX OS ITM监控标准(震荡型)","SELECT KEYWORD,IP_ADDRESS,APP_NAME FROM ump.UMP_MO_OS where OS_TYPE in('AIX','SUSE','REDHAT','CENTOS') and APP_NAME in (SELECT affectsystem FROM ump.APP_INFO where VOLUME_TYPE ='UNSTEADY');MO_TYPE=LINUX_OS","CEB_LZ_Disk_IORESPW_UsedPct_W"
"LINUX OS ITM监控标准(震荡型)","SELECT KEYWORD,IP_ADDRESS,APP_NAME FROM ump.UMP_MO_OS where OS_TYPE in('AIX','SUSE','REDHAT','CENTOS') and APP_NAME in (SELECT affectsystem FROM ump.APP_INFO where VOLUME_TYPE ='UNSTEADY');MO_TYPE=LINUX_OS","CEB_LZ_FileSystems_Read_M"
"LINUX OS ITM监控标准(震荡型)","SELECT KEYWORD,IP_ADDRESS,APP_NAME FROM ump.UMP_MO_OS where OS_TYPE in('AIX','SUSE','REDHAT','CENTOS') and APP_NAME in (SELECT affectsystem FROM ump.APP_INFO where VOLUME_TYPE ='UNSTEADY');MO_TYPE=LINUX_OS","CEB_LZ_FileSystems_Write_M"
"LINUX OS ITM监控标准(震荡型)","SELECT KEYWORD,IP_ADDRESS,APP_NAME FROM ump.UMP_MO_OS where OS_TYPE in('AIX','SUSE','REDHAT','CENTOS') and APP_NAME in (SELECT affectsystem FROM ump.APP_INFO where VOLUME_TYPE ='UNSTEADY');MO_TYPE=LINUX_OS","CEB_LZ_FS_UsedPct_SHAKE_C"
"LINUX OS ITM监控标准(震荡型)","SELECT KEYWORD,IP_ADDRESS,APP_NAME FROM ump.UMP_MO_OS where OS_TYPE in('AIX','SUSE','REDHAT','CENTOS') and APP_NAME in (SELECT affectsystem FROM ump.APP_INFO where VOLUME_TYPE ='UNSTEADY');MO_TYPE=LINUX_OS","CEB_LZ_FS_UsedPct_SHAKE_M"
"LINUX OS ITM监控标准(震荡型)","SELECT KEYWORD,IP_ADDRESS,APP_NAME FROM ump.UMP_MO_OS where OS_TYPE in('AIX','SUSE','REDHAT','CENTOS') and APP_NAME in (SELECT affectsystem FROM ump.APP_INFO where VOLUME_TYPE ='UNSTEADY');MO_TYPE=LINUX_OS","CEB_LZ_Inodes_UsedPct_M"
"LINUX OS ITM监控标准(震荡型)","SELECT KEYWORD,IP_ADDRESS,APP_NAME FROM ump.UMP_MO_OS where OS_TYPE in('AIX','SUSE','REDHAT','CENTOS') and APP_NAME in (SELECT affectsystem FROM ump.APP_INFO where VOLUME_TYPE ='UNSTEADY');MO_TYPE=LINUX_OS","CEB_LZ_Inodes_UsedPct_W"
"LINUX OS ITM监控标准(震荡型)","SELECT KEYWORD,IP_ADDRESS,APP_NAME FROM ump.UMP_MO_OS where OS_TYPE in('AIX','SUSE','REDHAT','CENTOS') and APP_NAME in (SELECT affectsystem FROM ump.APP_INFO where VOLUME_TYPE ='UNSTEADY');MO_TYPE=LINUX_OS","CEB_LZ_Login_Failure_W"
"LINUX OS ITM监控标准(震荡型)","SELECT KEYWORD,IP_ADDRESS,APP_NAME FROM ump.UMP_MO_OS where OS_TYPE in('AIX','SUSE','REDHAT','CENTOS') and APP_NAME in (SELECT affectsystem FROM ump.APP_INFO where VOLUME_TYPE ='UNSTEADY');MO_TYPE=LINUX_OS","CEB_LZ_Mem_UsedPct_SHAKE_C"
"LINUX OS ITM监控标准(震荡型)","SELECT KEYWORD,IP_ADDRESS,APP_NAME FROM ump.UMP_MO_OS where OS_TYPE in('AIX','SUSE','REDHAT','CENTOS') and APP_NAME in (SELECT affectsystem FROM ump.APP_INFO where VOLUME_TYPE ='UNSTEADY');MO_TYPE=LINUX_OS","CEB_LZ_Mem_UsedPct_SHAKE_M"
"LINUX OS ITM监控标准(震荡型)","SELECT KEYWORD,IP_ADDRESS,APP_NAME FROM ump.UMP_MO_OS where OS_TYPE in('AIX','SUSE','REDHAT','CENTOS') and APP_NAME in (SELECT affectsystem FROM ump.APP_INFO where VOLUME_TYPE ='UNSTEADY');MO_TYPE=LINUX_OS","CEB_LZ_Mem_UsedPct_SHAKE_W"
"LINUX OS ITM监控标准(震荡型)","SELECT KEYWORD,IP_ADDRESS,APP_NAME FROM ump.UMP_MO_OS where OS_TYPE in('AIX','SUSE','REDHAT','CENTOS') and APP_NAME in (SELECT affectsystem FROM ump.APP_INFO where VOLUME_TYPE ='UNSTEADY');MO_TYPE=LINUX_OS","CEB_LZ_NET_TCP_COUNT_M"
"LINUX OS ITM监控标准(震荡型)","SELECT KEYWORD,IP_ADDRESS,APP_NAME FROM ump.UMP_MO_OS where OS_TYPE in('AIX','SUSE','REDHAT','CENTOS') and APP_NAME in (SELECT affectsystem FROM ump.APP_INFO where VOLUME_TYPE ='UNSTEADY');MO_TYPE=LINUX_OS","CEB_LZ_NET_TCP_STATUS_M"
"LINUX OS ITM监控标准(震荡型)","SELECT KEYWORD,IP_ADDRESS,APP_NAME FROM ump.UMP_MO_OS where OS_TYPE in('AIX','SUSE','REDHAT','CENTOS') and APP_NAME in (SELECT affectsystem FROM ump.APP_INFO where VOLUME_TYPE ='UNSTEADY');MO_TYPE=LINUX_OS","CEB_LZ_NET_TCP_STATUS_W"
"LINUX OS ITM监控标准(震荡型)","SELECT KEYWORD,IP_ADDRESS,APP_NAME FROM ump.UMP_MO_OS where OS_TYPE in('AIX','SUSE','REDHAT','CENTOS') and APP_NAME in (SELECT affectsystem FROM ump.APP_INFO where VOLUME_TYPE ='UNSTEADY');MO_TYPE=LINUX_OS","CEB_LZ_PageIn_Num_W"
"LINUX OS ITM监控标准(震荡型)","SELECT KEYWORD,IP_ADDRESS,APP_NAME FROM ump.UMP_MO_OS where OS_TYPE in('AIX','SUSE','REDHAT','CENTOS') and APP_NAME in (SELECT affectsystem FROM ump.APP_INFO where VOLUME_TYPE ='UNSTEADY');MO_TYPE=LINUX_OS","CEB_LZ_PageOut_Num_W"
"LINUX OS ITM监控标准(震荡型)","SELECT KEYWORD,IP_ADDRESS,APP_NAME FROM ump.UMP_MO_OS where OS_TYPE in('AIX','SUSE','REDHAT','CENTOS') and APP_NAME in (SELECT affectsystem FROM ump.APP_INFO where VOLUME_TYPE ='UNSTEADY');MO_TYPE=LINUX_OS","CEB_LZ_POWER_PATH_M"
"LINUX OS ITM监控标准(震荡型)","SELECT KEYWORD,IP_ADDRESS,APP_NAME FROM ump.UMP_MO_OS where OS_TYPE in('AIX','SUSE','REDHAT','CENTOS') and APP_NAME in (SELECT affectsystem FROM ump.APP_INFO where VOLUME_TYPE ='UNSTEADY');MO_TYPE=LINUX_OS","CEB_LZ_Swap_UsedPct_C"
"LINUX OS ITM监控标准(震荡型)","SELECT KEYWORD,IP_ADDRESS,APP_NAME FROM ump.UMP_MO_OS where OS_TYPE in('AIX','SUSE','REDHAT','CENTOS') and APP_NAME in (SELECT affectsystem FROM ump.APP_INFO where VOLUME_TYPE ='UNSTEADY');MO_TYPE=LINUX_OS","CEB_LZ_Swap_UsedPct_M"
"LINUX OS ITM监控标准(震荡型)","SELECT KEYWORD,IP_ADDRESS,APP_NAME FROM ump.UMP_MO_OS where OS_TYPE in('AIX','SUSE','REDHAT','CENTOS') and APP_NAME in (SELECT affectsystem FROM ump.APP_INFO where VOLUME_TYPE ='UNSTEADY');MO_TYPE=LINUX_OS","CEB_LZ_Swap_UsedPct_W"
"AIX OS ITM监控标准(平稳型)","SELECT KEYWORD,IP_ADDRESS,APP_NAME FROM ump.UMP_MO_OS where OS_TYPE = 'AIX' and APP_NAME in (SELECT affectsystem FROM ump.APP_INFO where VOLUME_TYPE !='UNSTEADY');MO_TYPE=AIX_OS","CEB_AIX_CPU_Busy_STEADY_C"
"AIX OS ITM监控标准(平稳型)","SELECT KEYWORD,IP_ADDRESS,APP_NAME FROM ump.UMP_MO_OS where OS_TYPE = 'AIX' and APP_NAME in (SELECT affectsystem FROM ump.APP_INFO where VOLUME_TYPE !='UNSTEADY');MO_TYPE=AIX_OS","CEB_AIX_CPU_Busy_STEADY_M"
"AIX OS ITM监控标准(平稳型)","SELECT KEYWORD,IP_ADDRESS,APP_NAME FROM ump.UMP_MO_OS where OS_TYPE = 'AIX' and APP_NAME in (SELECT affectsystem FROM ump.APP_INFO where VOLUME_TYPE !='UNSTEADY');MO_TYPE=AIX_OS","CEB_AIX_CPU_Busy_STEADY_W"
"AIX OS ITM监控标准(平稳型)","SELECT KEYWORD,IP_ADDRESS,APP_NAME FROM ump.UMP_MO_OS where OS_TYPE = 'AIX' and APP_NAME in (SELECT affectsystem FROM ump.APP_INFO where VOLUME_TYPE !='UNSTEADY');MO_TYPE=AIX_OS","CEB_AIX_CRONLOG_ERR_C"
"AIX OS ITM监控标准(平稳型)","SELECT KEYWORD,IP_ADDRESS,APP_NAME FROM ump.UMP_MO_OS where OS_TYPE = 'AIX' and APP_NAME in (SELECT affectsystem FROM ump.APP_INFO where VOLUME_TYPE !='UNSTEADY');MO_TYPE=AIX_OS","CEB_AIX_Disk_IORESP_UsedPct_M"
"AIX OS ITM监控标准(平稳型)","SELECT KEYWORD,IP_ADDRESS,APP_NAME FROM ump.UMP_MO_OS where OS_TYPE = 'AIX' and APP_NAME in (SELECT affectsystem FROM ump.APP_INFO where VOLUME_TYPE !='UNSTEADY');MO_TYPE=AIX_OS","CEB_AIX_Disk_IORESP_UsedPct_W"
"AIX OS ITM监控标准(平稳型)","SELECT KEYWORD,IP_ADDRESS,APP_NAME FROM ump.UMP_MO_OS where OS_TYPE = 'AIX' and APP_NAME in (SELECT affectsystem FROM ump.APP_INFO where VOLUME_TYPE !='UNSTEADY');MO_TYPE=AIX_OS","CEB_AIX_Disk_IO_UsedPct_M"
"AIX OS ITM监控标准(平稳型)","SELECT KEYWORD,IP_ADDRESS,APP_NAME FROM ump.UMP_MO_OS where OS_TYPE = 'AIX' and APP_NAME in (SELECT affectsystem FROM ump.APP_INFO where VOLUME_TYPE !='UNSTEADY');MO_TYPE=AIX_OS","CEB_AIX_Disk_IO_UsedPct_W"
"AIX OS ITM监控标准(平稳型)","SELECT KEYWORD,IP_ADDRESS,APP_NAME FROM ump.UMP_MO_OS where OS_TYPE = 'AIX' and APP_NAME in (SELECT affectsystem FROM ump.APP_INFO where VOLUME_TYPE !='UNSTEADY');MO_TYPE=AIX_OS","CEB_AIX_FileSystems_Read_M"
"AIX OS ITM监控标准(平稳型)","SELECT KEYWORD,IP_ADDRESS,APP_NAME FROM ump.UMP_MO_OS where OS_TYPE = 'AIX' and APP_NAME in (SELECT affectsystem FROM ump.APP_INFO where VOLUME_TYPE !='UNSTEADY');MO_TYPE=AIX_OS","CEB_AIX_FileSystems_Write_M"
"AIX OS ITM监控标准(平稳型)","SELECT KEYWORD,IP_ADDRESS,APP_NAME FROM ump.UMP_MO_OS where OS_TYPE = 'AIX' and APP_NAME in (SELECT affectsystem FROM ump.APP_INFO where VOLUME_TYPE !='UNSTEADY');MO_TYPE=AIX_OS","CEB_AIX_FIle_Filesystems_W"
"AIX OS ITM监控标准(平稳型)","SELECT KEYWORD,IP_ADDRESS,APP_NAME FROM ump.UMP_MO_OS where OS_TYPE = 'AIX' and APP_NAME in (SELECT affectsystem FROM ump.APP_INFO where VOLUME_TYPE !='UNSTEADY');MO_TYPE=AIX_OS","CEB_AIX_File_Inetd_W"
"AIX OS ITM监控标准(平稳型)","SELECT KEYWORD,IP_ADDRESS,APP_NAME FROM ump.UMP_MO_OS where OS_TYPE = 'AIX' and APP_NAME in (SELECT affectsystem FROM ump.APP_INFO where VOLUME_TYPE !='UNSTEADY');MO_TYPE=AIX_OS","CEB_AIX_File_Inittab_W"
"AIX OS ITM监控标准(平稳型)","SELECT KEYWORD,IP_ADDRESS,APP_NAME FROM ump.UMP_MO_OS where OS_TYPE = 'AIX' and APP_NAME in (SELECT affectsystem FROM ump.APP_INFO where VOLUME_TYPE !='UNSTEADY');MO_TYPE=AIX_OS","CEB_AIX_File_Passwd_W"
"AIX OS ITM监控标准(平稳型)","SELECT KEYWORD,IP_ADDRESS,APP_NAME FROM ump.UMP_MO_OS where OS_TYPE = 'AIX' and APP_NAME in (SELECT affectsystem FROM ump.APP_INFO where VOLUME_TYPE !='UNSTEADY');MO_TYPE=AIX_OS","CEB_AIX_File_Profile_W"
"AIX OS ITM监控标准(平稳型)","SELECT KEYWORD,IP_ADDRESS,APP_NAME FROM ump.UMP_MO_OS where OS_TYPE = 'AIX' and APP_NAME in (SELECT affectsystem FROM ump.APP_INFO where VOLUME_TYPE !='UNSTEADY');MO_TYPE=AIX_OS","CEB_AIX_File_Root_W"
"AIX OS ITM监控标准(平稳型)","SELECT KEYWORD,IP_ADDRESS,APP_NAME FROM ump.UMP_MO_OS where OS_TYPE = 'AIX' and APP_NAME in (SELECT affectsystem FROM ump.APP_INFO where VOLUME_TYPE !='UNSTEADY');MO_TYPE=AIX_OS","CEB_AIX_File_Syslog_W"
"AIX OS ITM监控标准(平稳型)","SELECT KEYWORD,IP_ADDRESS,APP_NAME FROM ump.UMP_MO_OS where OS_TYPE = 'AIX' and APP_NAME in (SELECT affectsystem FROM ump.APP_INFO where VOLUME_TYPE !='UNSTEADY');MO_TYPE=AIX_OS","CEB_AIX_FS_UsedPct_STEADY_C"
"AIX OS ITM监控标准(平稳型)","SELECT KEYWORD,IP_ADDRESS,APP_NAME FROM ump.UMP_MO_OS where OS_TYPE = 'AIX' and APP_NAME in (SELECT affectsystem FROM ump.APP_INFO where VOLUME_TYPE !='UNSTEADY');MO_TYPE=AIX_OS","CEB_AIX_FS_UsedPct_STEADY_M"
"AIX OS ITM监控标准(平稳型)","SELECT KEYWORD,IP_ADDRESS,APP_NAME FROM ump.UMP_MO_OS where OS_TYPE = 'AIX' and APP_NAME in (SELECT affectsystem FROM ump.APP_INFO where VOLUME_TYPE !='UNSTEADY');MO_TYPE=AIX_OS","CEB_AIX_Inodes_UsedPct_M"
"AIX OS ITM监控标准(平稳型)","SELECT KEYWORD,IP_ADDRESS,APP_NAME FROM ump.UMP_MO_OS where OS_TYPE = 'AIX' and APP_NAME in (SELECT affectsystem FROM ump.APP_INFO where VOLUME_TYPE !='UNSTEADY');MO_TYPE=AIX_OS","CEB_AIX_Inodes_UsedPct_W"
"AIX OS ITM监控标准(平稳型)","SELECT KEYWORD,IP_ADDRESS,APP_NAME FROM ump.UMP_MO_OS where OS_TYPE = 'AIX' and APP_NAME in (SELECT affectsystem FROM ump.APP_INFO where VOLUME_TYPE !='UNSTEADY');MO_TYPE=AIX_OS","CEB_AIX_Login_Failure_W"
"AIX OS ITM监控标准(平稳型)","SELECT KEYWORD,IP_ADDRESS,APP_NAME FROM ump.UMP_MO_OS where OS_TYPE = 'AIX' and APP_NAME in (SELECT affectsystem FROM ump.APP_INFO where VOLUME_TYPE !='UNSTEADY');MO_TYPE=AIX_OS","CEB_AIX_NetworkCard_Stat_Down_M"
"AIX OS ITM监控标准(平稳型)","SELECT KEYWORD,IP_ADDRESS,APP_NAME FROM ump.UMP_MO_OS where OS_TYPE = 'AIX' and APP_NAME in (SELECT affectsystem FROM ump.APP_INFO where VOLUME_TYPE !='UNSTEADY');MO_TYPE=AIX_OS","CEB_AIX_NetworkIn_Errors_M"
"AIX OS ITM监控标准(平稳型)","SELECT KEYWORD,IP_ADDRESS,APP_NAME FROM ump.UMP_MO_OS where OS_TYPE = 'AIX' and APP_NAME in (SELECT affectsystem FROM ump.APP_INFO where VOLUME_TYPE !='UNSTEADY');MO_TYPE=AIX_OS","CEB_AIX_NetworkIn_Errors_W"
"AIX OS ITM监控标准(平稳型)","SELECT KEYWORD,IP_ADDRESS,APP_NAME FROM ump.UMP_MO_OS where OS_TYPE = 'AIX' and APP_NAME in (SELECT affectsystem FROM ump.APP_INFO where VOLUME_TYPE !='UNSTEADY');MO_TYPE=AIX_OS","CEB_AIX_NetworkOut_Errors_M"
"AIX OS ITM监控标准(平稳型)","SELECT KEYWORD,IP_ADDRESS,APP_NAME FROM ump.UMP_MO_OS where OS_TYPE = 'AIX' and APP_NAME in (SELECT affectsystem FROM ump.APP_INFO where VOLUME_TYPE !='UNSTEADY');MO_TYPE=AIX_OS","CEB_AIX_NetworkOut_Errors_W"
"AIX OS ITM监控标准(平稳型)","SELECT KEYWORD,IP_ADDRESS,APP_NAME FROM ump.UMP_MO_OS where OS_TYPE = 'AIX' and APP_NAME in (SELECT affectsystem FROM ump.APP_INFO where VOLUME_TYPE !='UNSTEADY');MO_TYPE=AIX_OS","CEB_AIX_Network_Stat_Unkown_M"
"AIX OS ITM监控标准(平稳型)","SELECT KEYWORD,IP_ADDRESS,APP_NAME FROM ump.UMP_MO_OS where OS_TYPE = 'AIX' and APP_NAME in (SELECT affectsystem FROM ump.APP_INFO where VOLUME_TYPE !='UNSTEADY');MO_TYPE=AIX_OS","CEB_AIX_NET_TCP_COUNT_M"
"AIX OS ITM监控标准(平稳型)","SELECT KEYWORD,IP_ADDRESS,APP_NAME FROM ump.UMP_MO_OS where OS_TYPE = 'AIX' and APP_NAME in (SELECT affectsystem FROM ump.APP_INFO where VOLUME_TYPE !='UNSTEADY');MO_TYPE=AIX_OS","CEB_AIX_NET_TCP_STATUS_M"
"AIX OS ITM监控标准(平稳型)","SELECT KEYWORD,IP_ADDRESS,APP_NAME FROM ump.UMP_MO_OS where OS_TYPE = 'AIX' and APP_NAME in (SELECT affectsystem FROM ump.APP_INFO where VOLUME_TYPE !='UNSTEADY');MO_TYPE=AIX_OS","CEB_AIX_NET_TCP_STATUS_W"
"AIX OS ITM监控标准(平稳型)","SELECT KEYWORD,IP_ADDRESS,APP_NAME FROM ump.UMP_MO_OS where OS_TYPE = 'AIX' and APP_NAME in (SELECT affectsystem FROM ump.APP_INFO where VOLUME_TYPE !='UNSTEADY');MO_TYPE=AIX_OS","CEB_AIX_POWER_PATH_M"
"AIX OS ITM监控标准(平稳型)","SELECT KEYWORD,IP_ADDRESS,APP_NAME FROM ump.UMP_MO_OS where OS_TYPE = 'AIX' and APP_NAME in (SELECT affectsystem FROM ump.APP_INFO where VOLUME_TYPE !='UNSTEADY');MO_TYPE=AIX_OS","CEB_AIX_Process_CPUUsedPct_M"
"AIX OS ITM监控标准(平稳型)","SELECT KEYWORD,IP_ADDRESS,APP_NAME FROM ump.UMP_MO_OS where OS_TYPE = 'AIX' and APP_NAME in (SELECT affectsystem FROM ump.APP_INFO where VOLUME_TYPE !='UNSTEADY');MO_TYPE=AIX_OS","CEB_AIX_Process_Cron_Missing_M"
"AIX OS ITM监控标准(平稳型)","SELECT KEYWORD,IP_ADDRESS,APP_NAME FROM ump.UMP_MO_OS where OS_TYPE = 'AIX' and APP_NAME in (SELECT affectsystem FROM ump.APP_INFO where VOLUME_TYPE !='UNSTEADY');MO_TYPE=AIX_OS","CEB_AIX_Process_Syslog_Missing"
"AIX OS ITM监控标准(平稳型)","SELECT KEYWORD,IP_ADDRESS,APP_NAME FROM ump.UMP_MO_OS where OS_TYPE = 'AIX' and APP_NAME in (SELECT affectsystem FROM ump.APP_INFO where VOLUME_TYPE !='UNSTEADY');MO_TYPE=AIX_OS","CEB_AIX_PS_UsedPct_C"
"AIX OS ITM监控标准(平稳型)","SELECT KEYWORD,IP_ADDRESS,APP_NAME FROM ump.UMP_MO_OS where OS_TYPE = 'AIX' and APP_NAME in (SELECT affectsystem FROM ump.APP_INFO where VOLUME_TYPE !='UNSTEADY');MO_TYPE=AIX_OS","CEB_AIX_PS_UsedPct_M"
"AIX OS ITM监控标准(平稳型)","SELECT KEYWORD,IP_ADDRESS,APP_NAME FROM ump.UMP_MO_OS where OS_TYPE = 'AIX' and APP_NAME in (SELECT affectsystem FROM ump.APP_INFO where VOLUME_TYPE !='UNSTEADY');MO_TYPE=AIX_OS","CEB_AIX_PS_UsedPct_W"
"AIX OS ITM监控标准(震荡型)","SELECT KEYWORD,IP_ADDRESS,APP_NAME FROM ump.UMP_MO_OS where OS_TYPE = 'AIX' and APP_NAME in (SELECT affectsystem FROM ump.APP_INFO where VOLUME_TYPE ='UNSTEADY');MO_TYPE=AIX_OS","CEB_AIX_CPU_Busy_SHAKE_C"
"AIX OS ITM监控标准(震荡型)","SELECT KEYWORD,IP_ADDRESS,APP_NAME FROM ump.UMP_MO_OS where OS_TYPE = 'AIX' and APP_NAME in (SELECT affectsystem FROM ump.APP_INFO where VOLUME_TYPE ='UNSTEADY');MO_TYPE=AIX_OS","CEB_AIX_CPU_Busy_SHAKE_M"
"AIX OS ITM监控标准(震荡型)","SELECT KEYWORD,IP_ADDRESS,APP_NAME FROM ump.UMP_MO_OS where OS_TYPE = 'AIX' and APP_NAME in (SELECT affectsystem FROM ump.APP_INFO where VOLUME_TYPE ='UNSTEADY');MO_TYPE=AIX_OS","CEB_AIX_CPU_Busy_SHAKE_W"
"AIX OS ITM监控标准(震荡型)","SELECT KEYWORD,IP_ADDRESS,APP_NAME FROM ump.UMP_MO_OS where OS_TYPE = 'AIX' and APP_NAME in (SELECT affectsystem FROM ump.APP_INFO where VOLUME_TYPE ='UNSTEADY');MO_TYPE=AIX_OS","CEB_AIX_CRONLOG_ERR_C"
"AIX OS ITM监控标准(震荡型)","SELECT KEYWORD,IP_ADDRESS,APP_NAME FROM ump.UMP_MO_OS where OS_TYPE = 'AIX' and APP_NAME in (SELECT affectsystem FROM ump.APP_INFO where VOLUME_TYPE ='UNSTEADY');MO_TYPE=AIX_OS","CEB_AIX_Disk_IORESP_UsedPct_M"
"AIX OS ITM监控标准(震荡型)","SELECT KEYWORD,IP_ADDRESS,APP_NAME FROM ump.UMP_MO_OS where OS_TYPE = 'AIX' and APP_NAME in (SELECT affectsystem FROM ump.APP_INFO where VOLUME_TYPE ='UNSTEADY');MO_TYPE=AIX_OS","CEB_AIX_Disk_IORESP_UsedPct_W"
"AIX OS ITM监控标准(震荡型)","SELECT KEYWORD,IP_ADDRESS,APP_NAME FROM ump.UMP_MO_OS where OS_TYPE = 'AIX' and APP_NAME in (SELECT affectsystem FROM ump.APP_INFO where VOLUME_TYPE ='UNSTEADY');MO_TYPE=AIX_OS","CEB_AIX_Disk_IO_UsedPct_M"
"AIX OS ITM监控标准(震荡型)","SELECT KEYWORD,IP_ADDRESS,APP_NAME FROM ump.UMP_MO_OS where OS_TYPE = 'AIX' and APP_NAME in (SELECT affectsystem FROM ump.APP_INFO where VOLUME_TYPE ='UNSTEADY');MO_TYPE=AIX_OS","CEB_AIX_Disk_IO_UsedPct_W"
"AIX OS ITM监控标准(震荡型)","SELECT KEYWORD,IP_ADDRESS,APP_NAME FROM ump.UMP_MO_OS where OS_TYPE = 'AIX' and APP_NAME in (SELECT affectsystem FROM ump.APP_INFO where VOLUME_TYPE ='UNSTEADY');MO_TYPE=AIX_OS","CEB_AIX_FileSystems_Read_M"
"AIX OS ITM监控标准(震荡型)","SELECT KEYWORD,IP_ADDRESS,APP_NAME FROM ump.UMP_MO_OS where OS_TYPE = 'AIX' and APP_NAME in (SELECT affectsystem FROM ump.APP_INFO where VOLUME_TYPE ='UNSTEADY');MO_TYPE=AIX_OS","CEB_AIX_FileSystems_Write_M"
"AIX OS ITM监控标准(震荡型)","SELECT KEYWORD,IP_ADDRESS,APP_NAME FROM ump.UMP_MO_OS where OS_TYPE = 'AIX' and APP_NAME in (SELECT affectsystem FROM ump.APP_INFO where VOLUME_TYPE ='UNSTEADY');MO_TYPE=AIX_OS","CEB_AIX_FIle_Filesystems_W"
"AIX OS ITM监控标准(震荡型)","SELECT KEYWORD,IP_ADDRESS,APP_NAME FROM ump.UMP_MO_OS where OS_TYPE = 'AIX' and APP_NAME in (SELECT affectsystem FROM ump.APP_INFO where VOLUME_TYPE ='UNSTEADY');MO_TYPE=AIX_OS","CEB_AIX_File_Inetd_W"
"AIX OS ITM监控标准(震荡型)","SELECT KEYWORD,IP_ADDRESS,APP_NAME FROM ump.UMP_MO_OS where OS_TYPE = 'AIX' and APP_NAME in (SELECT affectsystem FROM ump.APP_INFO where VOLUME_TYPE ='UNSTEADY');MO_TYPE=AIX_OS","CEB_AIX_File_Inittab_W"
"AIX OS ITM监控标准(震荡型)","SELECT KEYWORD,IP_ADDRESS,APP_NAME FROM ump.UMP_MO_OS where OS_TYPE = 'AIX' and APP_NAME in (SELECT affectsystem FROM ump.APP_INFO where VOLUME_TYPE ='UNSTEADY');MO_TYPE=AIX_OS","CEB_AIX_File_Passwd_W"
"AIX OS ITM监控标准(震荡型)","SELECT KEYWORD,IP_ADDRESS,APP_NAME FROM ump.UMP_MO_OS where OS_TYPE = 'AIX' and APP_NAME in (SELECT affectsystem FROM ump.APP_INFO where VOLUME_TYPE ='UNSTEADY');MO_TYPE=AIX_OS","CEB_AIX_File_Profile_W"
"AIX OS ITM监控标准(震荡型)","SELECT KEYWORD,IP_ADDRESS,APP_NAME FROM ump.UMP_MO_OS where OS_TYPE = 'AIX' and APP_NAME in (SELECT affectsystem FROM ump.APP_INFO where VOLUME_TYPE ='UNSTEADY');MO_TYPE=AIX_OS","CEB_AIX_File_Root_W"
"AIX OS ITM监控标准(震荡型)","SELECT KEYWORD,IP_ADDRESS,APP_NAME FROM ump.UMP_MO_OS where OS_TYPE = 'AIX' and APP_NAME in (SELECT affectsystem FROM ump.APP_INFO where VOLUME_TYPE ='UNSTEADY');MO_TYPE=AIX_OS","CEB_AIX_File_Syslog_W"
"AIX OS ITM监控标准(震荡型)","SELECT KEYWORD,IP_ADDRESS,APP_NAME FROM ump.UMP_MO_OS where OS_TYPE = 'AIX' and APP_NAME in (SELECT affectsystem FROM ump.APP_INFO where VOLUME_TYPE ='UNSTEADY');MO_TYPE=AIX_OS","CEB_AIX_FS_UsedPct_SHAKE_C"
"AIX OS ITM监控标准(震荡型)","SELECT KEYWORD,IP_ADDRESS,APP_NAME FROM ump.UMP_MO_OS where OS_TYPE = 'AIX' and APP_NAME in (SELECT affectsystem FROM ump.APP_INFO where VOLUME_TYPE ='UNSTEADY');MO_TYPE=AIX_OS","CEB_AIX_FS_UsedPct_SHAKE_M"
"AIX OS ITM监控标准(震荡型)","SELECT KEYWORD,IP_ADDRESS,APP_NAME FROM ump.UMP_MO_OS where OS_TYPE = 'AIX' and APP_NAME in (SELECT affectsystem FROM ump.APP_INFO where VOLUME_TYPE ='UNSTEADY');MO_TYPE=AIX_OS","CEB_AIX_Inodes_UsedPct_M"
"AIX OS ITM监控标准(震荡型)","SELECT KEYWORD,IP_ADDRESS,APP_NAME FROM ump.UMP_MO_OS where OS_TYPE = 'AIX' and APP_NAME in (SELECT affectsystem FROM ump.APP_INFO where VOLUME_TYPE ='UNSTEADY');MO_TYPE=AIX_OS","CEB_AIX_Inodes_UsedPct_W"
"AIX OS ITM监控标准(震荡型)","SELECT KEYWORD,IP_ADDRESS,APP_NAME FROM ump.UMP_MO_OS where OS_TYPE = 'AIX' and APP_NAME in (SELECT affectsystem FROM ump.APP_INFO where VOLUME_TYPE ='UNSTEADY');MO_TYPE=AIX_OS","CEB_AIX_Login_Failure_W"
"AIX OS ITM监控标准(震荡型)","SELECT KEYWORD,IP_ADDRESS,APP_NAME FROM ump.UMP_MO_OS where OS_TYPE = 'AIX' and APP_NAME in (SELECT affectsystem FROM ump.APP_INFO where VOLUME_TYPE ='UNSTEADY');MO_TYPE=AIX_OS","CEB_AIX_Mem_UsedPct_SHAKE_C"
"AIX OS ITM监控标准(震荡型)","SELECT KEYWORD,IP_ADDRESS,APP_NAME FROM ump.UMP_MO_OS where OS_TYPE = 'AIX' and APP_NAME in (SELECT affectsystem FROM ump.APP_INFO where VOLUME_TYPE ='UNSTEADY');MO_TYPE=AIX_OS","CEB_AIX_Mem_UsedPct_SHAKE_M"
"AIX OS ITM监控标准(震荡型)","SELECT KEYWORD,IP_ADDRESS,APP_NAME FROM ump.UMP_MO_OS where OS_TYPE = 'AIX' and APP_NAME in (SELECT affectsystem FROM ump.APP_INFO where VOLUME_TYPE ='UNSTEADY');MO_TYPE=AIX_OS","CEB_AIX_Mem_UsedPct_SHAKE_W"
"AIX OS ITM监控标准(震荡型)","SELECT KEYWORD,IP_ADDRESS,APP_NAME FROM ump.UMP_MO_OS where OS_TYPE = 'AIX' and APP_NAME in (SELECT affectsystem FROM ump.APP_INFO where VOLUME_TYPE ='UNSTEADY');MO_TYPE=AIX_OS","CEB_AIX_NetworkCard_Stat_Down_M"
"AIX OS ITM监控标准(震荡型)","SELECT KEYWORD,IP_ADDRESS,APP_NAME FROM ump.UMP_MO_OS where OS_TYPE = 'AIX' and APP_NAME in (SELECT affectsystem FROM ump.APP_INFO where VOLUME_TYPE ='UNSTEADY');MO_TYPE=AIX_OS","CEB_AIX_NetworkIn_Errors_M"
"AIX OS ITM监控标准(震荡型)","SELECT KEYWORD,IP_ADDRESS,APP_NAME FROM ump.UMP_MO_OS where OS_TYPE = 'AIX' and APP_NAME in (SELECT affectsystem FROM ump.APP_INFO where VOLUME_TYPE ='UNSTEADY');MO_TYPE=AIX_OS","CEB_AIX_NetworkIn_Errors_W"
"AIX OS ITM监控标准(震荡型)","SELECT KEYWORD,IP_ADDRESS,APP_NAME FROM ump.UMP_MO_OS where OS_TYPE = 'AIX' and APP_NAME in (SELECT affectsystem FROM ump.APP_INFO where VOLUME_TYPE ='UNSTEADY');MO_TYPE=AIX_OS","CEB_AIX_NetworkOut_Errors_M"
"AIX OS ITM监控标准(震荡型)","SELECT KEYWORD,IP_ADDRESS,APP_NAME FROM ump.UMP_MO_OS where OS_TYPE = 'AIX' and APP_NAME in (SELECT affectsystem FROM ump.APP_INFO where VOLUME_TYPE ='UNSTEADY');MO_TYPE=AIX_OS","CEB_AIX_NetworkOut_Errors_W"
"AIX OS ITM监控标准(震荡型)","SELECT KEYWORD,IP_ADDRESS,APP_NAME FROM ump.UMP_MO_OS where OS_TYPE = 'AIX' and APP_NAME in (SELECT affectsystem FROM ump.APP_INFO where VOLUME_TYPE ='UNSTEADY');MO_TYPE=AIX_OS","CEB_AIX_Network_Stat_Unkown_M"
"AIX OS ITM监控标准(震荡型)","SELECT KEYWORD,IP_ADDRESS,APP_NAME FROM ump.UMP_MO_OS where OS_TYPE = 'AIX' and APP_NAME in (SELECT affectsystem FROM ump.APP_INFO where VOLUME_TYPE ='UNSTEADY');MO_TYPE=AIX_OS","CEB_AIX_NET_TCP_COUNT_M"
"AIX OS ITM监控标准(震荡型)","SELECT KEYWORD,IP_ADDRESS,APP_NAME FROM ump.UMP_MO_OS where OS_TYPE = 'AIX' and APP_NAME in (SELECT affectsystem FROM ump.APP_INFO where VOLUME_TYPE ='UNSTEADY');MO_TYPE=AIX_OS","CEB_AIX_NET_TCP_STATUS_M"
"AIX OS ITM监控标准(震荡型)","SELECT KEYWORD,IP_ADDRESS,APP_NAME FROM ump.UMP_MO_OS where OS_TYPE = 'AIX' and APP_NAME in (SELECT affectsystem FROM ump.APP_INFO where VOLUME_TYPE ='UNSTEADY');MO_TYPE=AIX_OS","CEB_AIX_NET_TCP_STATUS_W"
"AIX OS ITM监控标准(震荡型)","SELECT KEYWORD,IP_ADDRESS,APP_NAME FROM ump.UMP_MO_OS where OS_TYPE = 'AIX' and APP_NAME in (SELECT affectsystem FROM ump.APP_INFO where VOLUME_TYPE ='UNSTEADY');MO_TYPE=AIX_OS","CEB_AIX_POWER_PATH_M"
"AIX OS ITM监控标准(震荡型)","SELECT KEYWORD,IP_ADDRESS,APP_NAME FROM ump.UMP_MO_OS where OS_TYPE = 'AIX' and APP_NAME in (SELECT affectsystem FROM ump.APP_INFO where VOLUME_TYPE ='UNSTEADY');MO_TYPE=AIX_OS","CEB_AIX_Process_CPUUsedPct_M"
"AIX OS ITM监控标准(震荡型)","SELECT KEYWORD,IP_ADDRESS,APP_NAME FROM ump.UMP_MO_OS where OS_TYPE = 'AIX' and APP_NAME in (SELECT affectsystem FROM ump.APP_INFO where VOLUME_TYPE ='UNSTEADY');MO_TYPE=AIX_OS","CEB_AIX_Process_Cron_Missing_M"
"AIX OS ITM监控标准(震荡型)","SELECT KEYWORD,IP_ADDRESS,APP_NAME FROM ump.UMP_MO_OS where OS_TYPE = 'AIX' and APP_NAME in (SELECT affectsystem FROM ump.APP_INFO where VOLUME_TYPE ='UNSTEADY');MO_TYPE=AIX_OS","CEB_AIX_Process_Syslog_Missing"
"AIX OS ITM监控标准(震荡型)","SELECT KEYWORD,IP_ADDRESS,APP_NAME FROM ump.UMP_MO_OS where OS_TYPE = 'AIX' and APP_NAME in (SELECT affectsystem FROM ump.APP_INFO where VOLUME_TYPE ='UNSTEADY');MO_TYPE=AIX_OS","CEB_AIX_PS_UsedPct_C"
"AIX OS ITM监控标准(震荡型)","SELECT KEYWORD,IP_ADDRESS,APP_NAME FROM ump.UMP_MO_OS where OS_TYPE = 'AIX' and APP_NAME in (SELECT affectsystem FROM ump.APP_INFO where VOLUME_TYPE ='UNSTEADY');MO_TYPE=AIX_OS","CEB_AIX_PS_UsedPct_M"
"AIX OS ITM监控标准(震荡型)","SELECT KEYWORD,IP_ADDRESS,APP_NAME FROM ump.UMP_MO_OS where OS_TYPE = 'AIX' and APP_NAME in (SELECT affectsystem FROM ump.APP_INFO where VOLUME_TYPE ='UNSTEADY');MO_TYPE=AIX_OS","CEB_AIX_PS_UsedPct_W"
"WINDOWS OS ITM监控标准(平稳型)","SELECT KEYWORD,IP_ADDRESS,APP_NAME FROM ump.UMP_MO_OS where OS_TYPE = 'WINDOWS' and APP_NAME in (SELECT affectsystem FROM ump.APP_INFO where VOLUME_TYPE !='UNSTEADY');MO_TYPE=WINDOWS_OS","CEB_Win_CPU_Busy_STEADY_C"
"WINDOWS OS ITM监控标准(平稳型)","SELECT KEYWORD,IP_ADDRESS,APP_NAME FROM ump.UMP_MO_OS where OS_TYPE = 'WINDOWS' and APP_NAME in (SELECT affectsystem FROM ump.APP_INFO where VOLUME_TYPE !='UNSTEADY');MO_TYPE=WINDOWS_OS","CEB_Win_CPU_Busy_STEADY_M"
"WINDOWS OS ITM监控标准(平稳型)","SELECT KEYWORD,IP_ADDRESS,APP_NAME FROM ump.UMP_MO_OS where OS_TYPE = 'WINDOWS' and APP_NAME in (SELECT affectsystem FROM ump.APP_INFO where VOLUME_TYPE !='UNSTEADY');MO_TYPE=WINDOWS_OS","CEB_Win_CPU_Busy_STEADY_W"
"WINDOWS OS ITM监控标准(平稳型)","SELECT KEYWORD,IP_ADDRESS,APP_NAME FROM ump.UMP_MO_OS where OS_TYPE = 'WINDOWS' and APP_NAME in (SELECT affectsystem FROM ump.APP_INFO where VOLUME_TYPE !='UNSTEADY');MO_TYPE=WINDOWS_OS","CEB_Win_Hardware_SerFound_C"
"WINDOWS OS ITM监控标准(平稳型)","SELECT KEYWORD,IP_ADDRESS,APP_NAME FROM ump.UMP_MO_OS where OS_TYPE = 'WINDOWS' and APP_NAME in (SELECT affectsystem FROM ump.APP_INFO where VOLUME_TYPE !='UNSTEADY');MO_TYPE=WINDOWS_OS","CEB_Win_Hardware_Storage_C"
"WINDOWS OS ITM监控标准(平稳型)","SELECT KEYWORD,IP_ADDRESS,APP_NAME FROM ump.UMP_MO_OS where OS_TYPE = 'WINDOWS' and APP_NAME in (SELECT affectsystem FROM ump.APP_INFO where VOLUME_TYPE !='UNSTEADY');MO_TYPE=WINDOWS_OS","CEB_Win_LCDisk_UPct_STEADY_C"
"WINDOWS OS ITM监控标准(平稳型)","SELECT KEYWORD,IP_ADDRESS,APP_NAME FROM ump.UMP_MO_OS where OS_TYPE = 'WINDOWS' and APP_NAME in (SELECT affectsystem FROM ump.APP_INFO where VOLUME_TYPE !='UNSTEADY');MO_TYPE=WINDOWS_OS","CEB_Win_LCDisk_UPct_STEADY_M"
"WINDOWS OS ITM监控标准(平稳型)","SELECT KEYWORD,IP_ADDRESS,APP_NAME FROM ump.UMP_MO_OS where OS_TYPE = 'WINDOWS' and APP_NAME in (SELECT affectsystem FROM ump.APP_INFO where VOLUME_TYPE !='UNSTEADY');MO_TYPE=WINDOWS_OS","CEB_Win_Mem_AvailPct_STEADY_C"
"WINDOWS OS ITM监控标准(平稳型)","SELECT KEYWORD,IP_ADDRESS,APP_NAME FROM ump.UMP_MO_OS where OS_TYPE = 'WINDOWS' and APP_NAME in (SELECT affectsystem FROM ump.APP_INFO where VOLUME_TYPE !='UNSTEADY');MO_TYPE=WINDOWS_OS","CEB_Win_Mem_AvailPct_STEADY_M"
"WINDOWS OS ITM监控标准(平稳型)","SELECT KEYWORD,IP_ADDRESS,APP_NAME FROM ump.UMP_MO_OS where OS_TYPE = 'WINDOWS' and APP_NAME in (SELECT affectsystem FROM ump.APP_INFO where VOLUME_TYPE !='UNSTEADY');MO_TYPE=WINDOWS_OS","CEB_Win_Mem_AvailPct_STEADY_W"
"WINDOWS OS ITM监控标准(平稳型)","SELECT KEYWORD,IP_ADDRESS,APP_NAME FROM ump.UMP_MO_OS where OS_TYPE = 'WINDOWS' and APP_NAME in (SELECT affectsystem FROM ump.APP_INFO where VOLUME_TYPE !='UNSTEADY');MO_TYPE=WINDOWS_OS","CEB_Win_NET_TCP_COUNT_M"
"WINDOWS OS ITM监控标准(平稳型)","SELECT KEYWORD,IP_ADDRESS,APP_NAME FROM ump.UMP_MO_OS where OS_TYPE = 'WINDOWS' and APP_NAME in (SELECT affectsystem FROM ump.APP_INFO where VOLUME_TYPE !='UNSTEADY');MO_TYPE=WINDOWS_OS","CEB_Win_NET_TCP_STATUS_M"
"WINDOWS OS ITM监控标准(平稳型)","SELECT KEYWORD,IP_ADDRESS,APP_NAME FROM ump.UMP_MO_OS where OS_TYPE = 'WINDOWS' and APP_NAME in (SELECT affectsystem FROM ump.APP_INFO where VOLUME_TYPE !='UNSTEADY');MO_TYPE=WINDOWS_OS","CEB_Win_NET_TCP_STATUS_W"
"WINDOWS OS ITM监控标准(平稳型)","SELECT KEYWORD,IP_ADDRESS,APP_NAME FROM ump.UMP_MO_OS where OS_TYPE = 'WINDOWS' and APP_NAME in (SELECT affectsystem FROM ump.APP_INFO where VOLUME_TYPE !='UNSTEADY');MO_TYPE=WINDOWS_OS","CEB_Win_PM_M"
"WINDOWS OS ITM监控标准(平稳型)","SELECT KEYWORD,IP_ADDRESS,APP_NAME FROM ump.UMP_MO_OS where OS_TYPE = 'WINDOWS' and APP_NAME in (SELECT affectsystem FROM ump.APP_INFO where VOLUME_TYPE !='UNSTEADY');MO_TYPE=WINDOWS_OS","CEB_Win_SystemLog_Kye_C"
"WINDOWS OS ITM监控标准(平稳型)","SELECT KEYWORD,IP_ADDRESS,APP_NAME FROM ump.UMP_MO_OS where OS_TYPE = 'WINDOWS' and APP_NAME in (SELECT affectsystem FROM ump.APP_INFO where VOLUME_TYPE !='UNSTEADY');MO_TYPE=WINDOWS_OS","CEB_Win_SystemLog_Login_W"
"WINDOWS OS ITM监控标准(震荡型)","SELECT KEYWORD,IP_ADDRESS,APP_NAME FROM ump.UMP_MO_OS where OS_TYPE = 'WINDOWS' and APP_NAME in (SELECT affectsystem FROM ump.APP_INFO where VOLUME_TYPE ='UNSTEADY');MO_TYPE=WINDOWS_OS","CEB_Win_CPU_Busy_SHAKE_C"
"WINDOWS OS ITM监控标准(震荡型)","SELECT KEYWORD,IP_ADDRESS,APP_NAME FROM ump.UMP_MO_OS where OS_TYPE = 'WINDOWS' and APP_NAME in (SELECT affectsystem FROM ump.APP_INFO where VOLUME_TYPE ='UNSTEADY');MO_TYPE=WINDOWS_OS","CEB_Win_CPU_Busy_SHAKE_M"
"WINDOWS OS ITM监控标准(震荡型)","SELECT KEYWORD,IP_ADDRESS,APP_NAME FROM ump.UMP_MO_OS where OS_TYPE = 'WINDOWS' and APP_NAME in (SELECT affectsystem FROM ump.APP_INFO where VOLUME_TYPE ='UNSTEADY');MO_TYPE=WINDOWS_OS","CEB_Win_CPU_Busy_SHAKE_W"
"WINDOWS OS ITM监控标准(震荡型)","SELECT KEYWORD,IP_ADDRESS,APP_NAME FROM ump.UMP_MO_OS where OS_TYPE = 'WINDOWS' and APP_NAME in (SELECT affectsystem FROM ump.APP_INFO where VOLUME_TYPE ='UNSTEADY');MO_TYPE=WINDOWS_OS","CEB_Win_Hardware_SerFound_C"
"WINDOWS OS ITM监控标准(震荡型)","SELECT KEYWORD,IP_ADDRESS,APP_NAME FROM ump.UMP_MO_OS where OS_TYPE = 'WINDOWS' and APP_NAME in (SELECT affectsystem FROM ump.APP_INFO where VOLUME_TYPE ='UNSTEADY');MO_TYPE=WINDOWS_OS","CEB_Win_Hardware_Storage_C"
"WINDOWS OS ITM监控标准(震荡型)","SELECT KEYWORD,IP_ADDRESS,APP_NAME FROM ump.UMP_MO_OS where OS_TYPE = 'WINDOWS' and APP_NAME in (SELECT affectsystem FROM ump.APP_INFO where VOLUME_TYPE ='UNSTEADY');MO_TYPE=WINDOWS_OS","CEB_Win_LCDisk_UPct_SHAKE_C"
"WINDOWS OS ITM监控标准(震荡型)","SELECT KEYWORD,IP_ADDRESS,APP_NAME FROM ump.UMP_MO_OS where OS_TYPE = 'WINDOWS' and APP_NAME in (SELECT affectsystem FROM ump.APP_INFO where VOLUME_TYPE ='UNSTEADY');MO_TYPE=WINDOWS_OS","CEB_Win_LCDisk_UPct_SHAKE_M"
"WINDOWS OS ITM监控标准(震荡型)","SELECT KEYWORD,IP_ADDRESS,APP_NAME FROM ump.UMP_MO_OS where OS_TYPE = 'WINDOWS' and APP_NAME in (SELECT affectsystem FROM ump.APP_INFO where VOLUME_TYPE ='UNSTEADY');MO_TYPE=WINDOWS_OS","CEB_Win_Mem_AvailPct_SHAKE_C"
"WINDOWS OS ITM监控标准(震荡型)","SELECT KEYWORD,IP_ADDRESS,APP_NAME FROM ump.UMP_MO_OS where OS_TYPE = 'WINDOWS' and APP_NAME in (SELECT affectsystem FROM ump.APP_INFO where VOLUME_TYPE ='UNSTEADY');MO_TYPE=WINDOWS_OS","CEB_Win_Mem_AvailPct_SHAKE_M"
"WINDOWS OS ITM监控标准(震荡型)","SELECT KEYWORD,IP_ADDRESS,APP_NAME FROM ump.UMP_MO_OS where OS_TYPE = 'WINDOWS' and APP_NAME in (SELECT affectsystem FROM ump.APP_INFO where VOLUME_TYPE ='UNSTEADY');MO_TYPE=WINDOWS_OS","CEB_Win_Mem_AvailPct_SHAKE_W"
"WINDOWS OS ITM监控标准(震荡型)","SELECT KEYWORD,IP_ADDRESS,APP_NAME FROM ump.UMP_MO_OS where OS_TYPE = 'WINDOWS' and APP_NAME in (SELECT affectsystem FROM ump.APP_INFO where VOLUME_TYPE ='UNSTEADY');MO_TYPE=WINDOWS_OS","CEB_Win_NET_TCP_COUNT_M"
"WINDOWS OS ITM监控标准(震荡型)","SELECT KEYWORD,IP_ADDRESS,APP_NAME FROM ump.UMP_MO_OS where OS_TYPE = 'WINDOWS' and APP_NAME in (SELECT affectsystem FROM ump.APP_INFO where VOLUME_TYPE ='UNSTEADY');MO_TYPE=WINDOWS_OS","CEB_Win_NET_TCP_STATUS_M"
"WINDOWS OS ITM监控标准(震荡型)","SELECT KEYWORD,IP_ADDRESS,APP_NAME FROM ump.UMP_MO_OS where OS_TYPE = 'WINDOWS' and APP_NAME in (SELECT affectsystem FROM ump.APP_INFO where VOLUME_TYPE ='UNSTEADY');MO_TYPE=WINDOWS_OS","CEB_Win_NET_TCP_STATUS_W"
"WINDOWS OS ITM监控标准(震荡型)","SELECT KEYWORD,IP_ADDRESS,APP_NAME FROM ump.UMP_MO_OS where OS_TYPE = 'WINDOWS' and APP_NAME in (SELECT affectsystem FROM ump.APP_INFO where VOLUME_TYPE ='UNSTEADY');MO_TYPE=WINDOWS_OS","CEB_Win_PM_M"
"WINDOWS OS ITM监控标准(震荡型)","SELECT KEYWORD,IP_ADDRESS,APP_NAME FROM ump.UMP_MO_OS where OS_TYPE = 'WINDOWS' and APP_NAME in (SELECT affectsystem FROM ump.APP_INFO where VOLUME_TYPE ='UNSTEADY');MO_TYPE=WINDOWS_OS","CEB_Win_SystemLog_Kye_C"
"WINDOWS OS ITM监控标准(震荡型)","SELECT KEYWORD,IP_ADDRESS,APP_NAME FROM ump.UMP_MO_OS where OS_TYPE = 'WINDOWS' and APP_NAME in (SELECT affectsystem FROM ump.APP_INFO where VOLUME_TYPE ='UNSTEADY');MO_TYPE=WINDOWS_OS","CEB_Win_SystemLog_Login_W"
"AIX/LINUX 系统日志监控标准","SELECT KEYWORD,IP_ADDRESS,APP_NAME FROM ump.UMP_MO_OS where OS_TYPE in('AIX','SUSE','REDHAT','CENTOS') and APP_NAME in (SELECT affectsystem FROM ump.APP_INFO);MO_TYPE=UNIX_LOG","CEB_AIX_Log_Errpt_Dup_C"
"AIX/LINUX 系统日志监控标准","SELECT KEYWORD,IP_ADDRESS,APP_NAME FROM ump.UMP_MO_OS where OS_TYPE in('AIX','SUSE','REDHAT','CENTOS') and APP_NAME in (SELECT affectsystem FROM ump.APP_INFO);MO_TYPE=UNIX_LOG","CEB_AIX_Log_Errpt_Error_M"
"AIX/LINUX 系统日志监控标准","SELECT KEYWORD,IP_ADDRESS,APP_NAME FROM ump.UMP_MO_OS where OS_TYPE in('AIX','SUSE','REDHAT','CENTOS') and APP_NAME in (SELECT affectsystem FROM ump.APP_INFO);MO_TYPE=UNIX_LOG","CEB_AIX_Log_Errpt_W"
"AIX/LINUX 系统日志监控标准","SELECT KEYWORD,IP_ADDRESS,APP_NAME FROM ump.UMP_MO_OS where OS_TYPE in('AIX','SUSE','REDHAT','CENTOS') and APP_NAME in (SELECT affectsystem FROM ump.APP_INFO);MO_TYPE=UNIX_LOG","CEB_AIX_Log_Nosp_W"
"AIX/LINUX 系统日志监控标准","SELECT KEYWORD,IP_ADDRESS,APP_NAME FROM ump.UMP_MO_OS where OS_TYPE in('AIX','SUSE','REDHAT','CENTOS') and APP_NAME in (SELECT affectsystem FROM ump.APP_INFO);MO_TYPE=UNIX_LOG","CEB_LZ_Log_Msg_Bug_M"
"AIX/LINUX 系统日志监控标准","SELECT KEYWORD,IP_ADDRESS,APP_NAME FROM ump.UMP_MO_OS where OS_TYPE in('AIX','SUSE','REDHAT','CENTOS') and APP_NAME in (SELECT affectsystem FROM ump.APP_INFO);MO_TYPE=UNIX_LOG","CEB_LZ_Log_Msg_DirIndex_C"
"AIX/LINUX 系统日志监控标准","SELECT KEYWORD,IP_ADDRESS,APP_NAME FROM ump.UMP_MO_OS where OS_TYPE in('AIX','SUSE','REDHAT','CENTOS') and APP_NAME in (SELECT affectsystem FROM ump.APP_INFO);MO_TYPE=UNIX_LOG","CEB_LZ_Log_Msg_DownLink_M"
"AIX/LINUX 系统日志监控标准","SELECT KEYWORD,IP_ADDRESS,APP_NAME FROM ump.UMP_MO_OS where OS_TYPE in('AIX','SUSE','REDHAT','CENTOS') and APP_NAME in (SELECT affectsystem FROM ump.APP_INFO);MO_TYPE=UNIX_LOG","CEB_LZ_Log_Msg_Error_M"
"AIX/LINUX 系统日志监控标准","SELECT KEYWORD,IP_ADDRESS,APP_NAME FROM ump.UMP_MO_OS where OS_TYPE in('AIX','SUSE','REDHAT','CENTOS') and APP_NAME in (SELECT affectsystem FROM ump.APP_INFO);MO_TYPE=UNIX_LOG","CEB_LZ_Log_Msg_EthStat_M"
"AIX/LINUX 系统日志监控标准","SELECT KEYWORD,IP_ADDRESS,APP_NAME FROM ump.UMP_MO_OS where OS_TYPE in('AIX','SUSE','REDHAT','CENTOS') and APP_NAME in (SELECT affectsystem FROM ump.APP_INFO);MO_TYPE=UNIX_LOG","CEB_LZ_Log_Msg_LinkDown_M"
"AIX/LINUX 系统日志监控标准","SELECT KEYWORD,IP_ADDRESS,APP_NAME FROM ump.UMP_MO_OS where OS_TYPE in('AIX','SUSE','REDHAT','CENTOS') and APP_NAME in (SELECT affectsystem FROM ump.APP_INFO);MO_TYPE=UNIX_LOG","CEB_LZ_Log_Msg_LoginStat_W"
"AIX/LINUX 系统日志监控标准","SELECT KEYWORD,IP_ADDRESS,APP_NAME FROM ump.UMP_MO_OS where OS_TYPE in('AIX','SUSE','REDHAT','CENTOS') and APP_NAME in (SELECT affectsystem FROM ump.APP_INFO);MO_TYPE=UNIX_LOG","CEB_LZ_Log_Msg_Nosp_W"
"AIX/LINUX 系统日志监控标准","SELECT KEYWORD,IP_ADDRESS,APP_NAME FROM ump.UMP_MO_OS where OS_TYPE in('AIX','SUSE','REDHAT','CENTOS') and APP_NAME in (SELECT affectsystem FROM ump.APP_INFO);MO_TYPE=UNIX_LOG","CEB_LZ_Log_Msg_OOPS_M"
"AIX/LINUX 系统日志监控标准","SELECT KEYWORD,IP_ADDRESS,APP_NAME FROM ump.UMP_MO_OS where OS_TYPE in('AIX','SUSE','REDHAT','CENTOS') and APP_NAME in (SELECT affectsystem FROM ump.APP_INFO);MO_TYPE=UNIX_LOG","CEB_LZ_Log_Msg_OutMem_M"
"AIX/LINUX 系统日志监控标准","SELECT KEYWORD,IP_ADDRESS,APP_NAME FROM ump.UMP_MO_OS where OS_TYPE in('AIX','SUSE','REDHAT','CENTOS') and APP_NAME in (SELECT affectsystem FROM ump.APP_INFO);MO_TYPE=UNIX_LOG","CEB_LZ_Log_Msg_panic_C"
"AIX/LINUX 系统日志监控标准","SELECT KEYWORD,IP_ADDRESS,APP_NAME FROM ump.UMP_MO_OS where OS_TYPE in('AIX','SUSE','REDHAT','CENTOS') and APP_NAME in (SELECT affectsystem FROM ump.APP_INFO);MO_TYPE=UNIX_LOG","CEB_LZ_Log_Msg_ShutDown_FS_C"
"AIX/LINUX 系统日志监控标准","SELECT KEYWORD,IP_ADDRESS,APP_NAME FROM ump.UMP_MO_OS where OS_TYPE in('AIX','SUSE','REDHAT','CENTOS') and APP_NAME in (SELECT affectsystem FROM ump.APP_INFO);MO_TYPE=UNIX_LOG","CEB_Unix_Log_Wtmp_M"
"AIX/LINUX 系统日志监控标准","SELECT KEYWORD,IP_ADDRESS,APP_NAME FROM ump.UMP_MO_OS where OS_TYPE in('AIX','SUSE','REDHAT','CENTOS') and APP_NAME in (SELECT affectsystem FROM ump.APP_INFO);MO_TYPE=UNIX_LOG","CEB_VCS_ERRLog_M"
"AIX/LINUX 系统日志监控标准","SELECT KEYWORD,IP_ADDRESS,APP_NAME FROM ump.UMP_MO_OS where OS_TYPE in('AIX','SUSE','REDHAT','CENTOS') and APP_NAME in (SELECT affectsystem FROM ump.APP_INFO);MO_TYPE=UNIX_LOG","CEB_VCS_ERRLog_W"